<?xml version="1.0" encoding="UTF-8"?>
<!--
  Copyright 2010-2013 The original author or authors.

  Licensed under the Apache License, Version 2.0 (the "License");
  you may not use this file except in compliance with the License.
  You may obtain a copy of the License at

    http://www.apache.org/licenses/LICENSE-2.0

  Unless required by applicable law or agreed to in writing, software
  distributed under the License is distributed on an "AS IS" BASIS,
  WITHOUT WARRANTIES OR CONDITIONS OF ANY KIND, either express or implied.
  See the License for the specific language governing permissions and
  limitations under the License.
-->
<project name="${project.name}" xmlns="http://maven.apache.org/DECORATION/1.6.0" xmlns:xsi="http://www.w3.org/2001/XMLSchema-instance"
    xsi:schemaLocation="http://maven.apache.org/DECORATION/1.6.0 http://maven.apache.org/xsd/decoration-1.6.0.xsd">

<!-- N.B. all non-body elements are automatically inherited -->

  <bannerRight>
    <name>MyBatis</name>
    <src>http://mybatis.github.io/images/mybatis-logo.png</src>
    <alt>MyBatis logo</alt>
    <href>http://www.mybatis.org/</href>
  </bannerRight>

  <publishDate format="dd MMMM yyyy" position="left" />

  <version position="left" />

  <skin>
    <groupId>org.apache.maven.skins</groupId>
    <artifactId>maven-fluido-skin</artifactId>
    <version>1.4</version>
  </skin>

  <body>
    <menu ref="reports" />
  </body>
</project>
